[
  {
    "From": "tcm:5-1481-8",
    "To": "tcm:5-1480-8"
  },
  {
    "From": "tcm:5-520-128",
    "To": "tcm:5-523-8"
  },
  {
    "From": "tcm:5-520-128",
    "To": "tcm:5-448-2048"
  },
  {
    "From": "tcm:5-520-128",
    "To": "tcm:5-460-2048"
  },
  {
    "From": "tcm:5-390-128",
    "To": "tcm:5-458-2048"
  },
  {
    "From": "tcm:5-438-2048",
    "To": "tcm:5-429-2048"
  },
  {
    "From": "tcm:5-442-2048",
    "To": "tcm:5-441-8"
  },
  {
    "From": "tcm:5-442-2048",
    "To": "tcm:5-429-2048"
  },
  {
    "From": "tcm:5-452-2048",
    "To": "tcm:5-451-8"
  },
  {
    "From": "tcm:5-452-2048",
    "To": "tcm:5-429-2048"
  },
  {
    "From": "tcm:5-440-2048",
    "To": "tcm:5-439-8"
  },
  {
    "From": "tcm:5-440-2048",
    "To": "tcm:5-429-2048"
  },
  {
    "From": "tcm:5-444-2048",
    "To": "tcm:5-443-8"
  },
  {
    "From": "tcm:5-444-2048",
    "To": "tcm:5-429-2048"
  },
  {
    "From": "tcm:5-437-2048",
    "To": "tcm:5-436-8"
  },
  {
    "From": "tcm:5-437-2048",
    "To": "tcm:5-429-2048"
  },
  {
    "From": "tcm:5-456-2048",
    "To": "tcm:5-455-8"
  },
  {
    "From": "tcm:5-456-2048",
    "To": "tcm:5-429-2048"
  },
  {
    "From": "tcm:5-430-2048",
    "To": "tcm:5-428-8"
  },
  {
    "From": "tcm:5-430-2048",
    "To": "tcm:5-429-2048"
  },
  {
    "From": "tcm:5-446-2048",
    "To": "tcm:5-445-8"
  },
  {
    "From": "tcm:5-446-2048",
    "To": "tcm:5-429-2048"
  },
  {
    "From": "tcm:5-450-2048",
    "To": "tcm:5-449-8"
  },
  {
    "From": "tcm:5-450-2048",
    "To": "tcm:5-429-2048"
  },
  {
    "From": "tcm:5-448-2048",
    "To": "tcm:5-447-8"
  },
  {
    "From": "tcm:5-448-2048",
    "To": "tcm:5-429-2048"
  },
  {
    "From": "tcm:5-432-2048",
    "To": "tcm:5-431-8"
  },
  {
    "From": "tcm:5-432-2048",
    "To": "tcm:5-429-2048"
  },
  {
    "From": "tcm:5-460-2048",
    "To": "tcm:5-459-8"
  },
  {
    "From": "tcm:5-460-2048",
    "To": "tcm:5-429-2048"
  },
  {
    "From": "tcm:5-454-2048",
    "To": "tcm:5-453-8"
  },
  {
    "From": "tcm:5-454-2048",
    "To": "tcm:5-429-2048"
  },
  {
    "From": "tcm:5-462-2048",
    "To": "tcm:5-461-8"
  },
  {
    "From": "tcm:5-462-2048",
    "To": "tcm:5-429-2048"
  },
  {
    "From": "tcm:5-1462-2048",
    "To": "tcm:5-1463-8"
  },
  {
    "From": "tcm:5-1462-2048",
    "To": "tcm:5-429-2048"
  },
  {
    "From": "tcm:5-435-2048",
    "To": "tcm:5-429-2048"
  },
  {
    "From": "tcm:5-458-2048",
    "To": "tcm:5-457-8"
  },
  {
    "From": "tcm:5-458-2048",
    "To": "tcm:5-429-2048"
  },
  {
    "From": "tcm:10-736-64",
    "To": "tcm:5-390-128"
  },
  {
    "From": "tcm:10-526-64",
    "To": "tcm:5-520-128"
  }
]