[{"From":"tcm:5-1543-8","To":"tcm:5-1523-8"},{"From":"tcm:5-1562-128","To":"tcm:5-1488-8"},{"From":"tcm:5-1562-128","To":"tcm:5-1553-2048"},{"From":"tcm:5-1562-128","To":"tcm:5-1559-2048"},{"From":"tcm:5-1561-128","To":"tcm:5-1558-2048"},{"From":"tcm:5-1548-2048","To":"tcm:5-1521-2048"},{"From":"tcm:5-1550-2048","To":"tcm:5-1529-8"},{"From":"tcm:5-1550-2048","To":"tcm:5-1521-2048"},{"From":"tcm:5-1555-2048","To":"tcm:5-1534-8"},{"From":"tcm:5-1555-2048","To":"tcm:5-1521-2048"},{"From":"tcm:5-1549-2048","To":"tcm:5-1528-8"},{"From":"tcm:5-1549-2048","To":"tcm:5-1521-2048"},{"From":"tcm:5-1551-2048","To":"tcm:5-1530-8"},{"From":"tcm:5-1551-2048","To":"tcm:5-1521-2048"},{"From":"tcm:5-1547-2048","To":"tcm:5-1527-8"},{"From":"tcm:5-1547-2048","To":"tcm:5-1521-2048"},{"From":"tcm:5-1557-2048","To":"tcm:5-1536-8"},{"From":"tcm:5-1557-2048","To":"tcm:5-1521-2048"},{"From":"tcm:5-1544-2048","To":"tcm:5-1525-8"},{"From":"tcm:5-1544-2048","To":"tcm:5-1521-2048"},{"From":"tcm:5-1552-2048","To":"tcm:5-1531-8"},{"From":"tcm:5-1552-2048","To":"tcm:5-1521-2048"},{"From":"tcm:5-1554-2048","To":"tcm:5-1533-8"},{"From":"tcm:5-1554-2048","To":"tcm:5-1521-2048"},{"From":"tcm:5-1553-2048","To":"tcm:5-1532-8"},{"From":"tcm:5-1553-2048","To":"tcm:5-1521-2048"},{"From":"tcm:5-1545-2048","To":"tcm:5-1526-8"},{"From":"tcm:5-1545-2048","To":"tcm:5-1521-2048"},{"From":"tcm:5-1559-2048","To":"tcm:5-1538-8"},{"From":"tcm:5-1559-2048","To":"tcm:5-1521-2048"},{"From":"tcm:5-1556-2048","To":"tcm:5-1535-8"},{"From":"tcm:5-1556-2048","To":"tcm:5-1521-2048"},{"From":"tcm:5-1560-2048","To":"tcm:5-1539-8"},{"From":"tcm:5-1560-2048","To":"tcm:5-1521-2048"},{"From":"tcm:5-1542-2048","To":"tcm:5-1522-8"},{"From":"tcm:5-1542-2048","To":"tcm:5-1521-2048"},{"From":"tcm:5-1546-2048","To":"tcm:5-1521-2048"},{"From":"tcm:5-1558-2048","To":"tcm:5-1537-8"},{"From":"tcm:5-1558-2048","To":"tcm:5-1521-2048"},{"From":"tcm:10-1564-64","To":"tcm:5-1561-128"},{"From":"tcm:10-1563-64","To":"tcm:5-1562-128"}]